{
    "parent": "minecraft:item/handheld_rod",
    "textures": {
        "layer0": "minecraft:item/carrot_on_a_stick"
    },
    "overrides": [
        {
            "predicate": {
                "custom_model_data": 1
            },
            "model": "minecraft:item/diamond_hoe"
        },
		{
            "predicate": {
                "custom_model_data": 2
            },
            "model": "minecraft:item/ice_wand"
        },
		{
            "predicate": {
                "custom_model_data": 3
            },
            "model": "minecraft:item/ice_shield"
        },
		{
            "predicate": {
                "custom_model_data": 4
            },
            "model": "minecraft:item/sugar"
        }
	]
}