{
  "pools": [
      {
          "rolls": {
              "min": 1,
              "max": 3
          },
          "conditions": [
              {
                  "condition": "killed_by_player"
              }
          ],
          "entries": [
              {
                  "type": "item",
                  "weight": 1,
                  "name": "minecraft:blaze_rod",
                  "conditions": [
                      {
                          "condition": "killed_by_player"
                      }
                  ]
              }
          ]
      }
  ]
}